{
    "id": "combined_001",
    "name": "PTV and RMS Prediction from sensor data and presets.",
    "version": "1.0.0",
    "description": "A LSTM model to predict the PTV and RMS values from a glass measurement and machine presets.",
    "creation_date": "2024-10-29T12:34:56Z",
    "input_cols": {
        "Timestamp": {
            "min": 0.0,
            "max": 175.0
        },
        "TA1": {
            "min": 1372.0,
            "max": 1372.0
        },
        "TA2": {
            "min": 437.0,
            "max": 463.0
        },
        "TA3": {
            "min": 438.0,
            "max": 515.0
        },
        "TA4": {
            "min": 421.0,
            "max": 1372.0
        },
        "TA5": {
            "min": 444.0,
            "max": 506.0
        },
        "TB1": {
            "min": 428.0,
            "max": 529.0
        },
        "TB2": {
            "min": 445.0,
            "max": 506.0
        },
        "TB3": {
            "min": 444.0,
            "max": 511.0
        },
        "TB4": {
            "min": 405.0,
            "max": 563.0
        },
        "TB5": {
            "min": 1372.0,
            "max": 1372.0
        },
        "TC1": {
            "min": 1372.0,
            "max": 1372.0
        },
        "TC2": {
            "min": 1372.0,
            "max": 1372.0
        },
        "TC3": {
            "min": 1372.0,
            "max": 1372.0
        },
        "TC4": {
            "min": 1372.0,
            "max": 1372.0
        },
        "TC5": {
            "min": 1372.0,
            "max": 1372.0
        },
        "TD1": {
            "min": 1372.0,
            "max": 1372.0
        },
        "PZ": {
            "min": -27.000117911576808,
            "max": 141.0001529680744
        },
        "PX": {
            "min": -0.0028763708495489,
            "max": 2661.0017957372197
        },
        "FLLR1": {
            "min": -0.9999992847442628,
            "max": 0.9855342507362366
        },
        "FLHR1": {
            "min": -15.176856994628906,
            "max": -0.3143386840820312
        },
        "XV": {
            "min": -104.11824035644533,
            "max": 251.48486328125
        },
        "ZV": {
            "min": -6.903645515441895,
            "max": 41.00936126708984
        },
        "AV": {
            "min": 0.0,
            "max": 90.0
        },
        "VS": {
            "min": 0.0,
            "max": 1.0
        },
        "HT": {
            "min": -1.0,
            "max": 68.61799621582031
        },
        "ST": {
            "min": -1.0,
            "max": 26.420000076293945
        },
        "SP1": {
            "min": -767.510009765625,
            "max": 13.82489013671875
        },
        "PC": {
            "min": 7499.32666015625,
            "max": 9842.64453125
        }
    },
    "output_cols": [
        "PTV",
        "RMS"
    ]
}